timeStamp,elapsed,label,responseCode,responseMessage,threadName,dataType,success,failureMessage,bytes,sentBytes,grpThreads,allThreads,URL,Latency,IdleTime,Connect
1692855510088,414,HTTP Request,200,OK,Thread Group 1-3,text,true,,3947,238,42,42,https://www.saucedemo.com/,138,0,65
1692855510088,138,HTTP Request-0,301,Moved Permanently,Thread Group 1-3,text,true,,654,119,42,42,http://www.saucedemo.com/,138,0,65
1692855510227,275,HTTP Request-1,200,OK,Thread Group 1-3,text,true,,3293,119,42,42,https://www.saucedemo.com/,275,0,178
1692855510104,400,HTTP Request,200,OK,Thread Group 1-4,text,true,,3947,238,41,41,https://www.saucedemo.com/,137,0,66
1692855510104,137,HTTP Request-0,301,Moved Permanently,Thread Group 1-4,text,true,,654,119,41,41,http://www.saucedemo.com/,137,0,66
1692855510242,262,HTTP Request-1,200,OK,Thread Group 1-4,text,true,,3293,119,41,41,https://www.saucedemo.com/,262,0,170
1692855510054,462,HTTP Request,200,OK,Thread Group 1-1,text,true,,3947,238,43,43,https://www.saucedemo.com/,137,0,66
1692855510054,137,HTTP Request-0,301,Moved Permanently,Thread Group 1-1,text,true,,654,119,43,43,http://www.saucedemo.com/,137,0,66
1692855510191,325,HTTP Request-1,200,OK,Thread Group 1-1,text,true,,3293,119,43,43,https://www.saucedemo.com/,325,0,214
1692855510071,459,HTTP Request,200,OK,Thread Group 1-2,text,true,,3947,238,45,45,https://www.saucedemo.com/,138,0,72
1692855510071,138,HTTP Request-0,301,Moved Permanently,Thread Group 1-2,text,true,,654,119,45,45,http://www.saucedemo.com/,138,0,72
1692855510209,321,HTTP Request-1,200,OK,Thread Group 1-2,text,true,,3293,119,45,45,https://www.saucedemo.com/,321,0,206
1692855510105,442,HTTP Request,200,OK,Thread Group 1-5,text,true,,3947,238,44,44,https://www.saucedemo.com/,189,0,87
1692855510105,190,HTTP Request-0,301,Moved Permanently,Thread Group 1-5,text,true,,654,119,44,44,http://www.saucedemo.com/,189,0,87
1692855510295,252,HTTP Request-1,200,OK,Thread Group 1-5,text,true,,3293,119,44,44,https://www.saucedemo.com/,252,0,150
1692855510118,461,HTTP Request,200,OK,Thread Group 1-7,text,true,,3947,238,44,44,https://www.saucedemo.com/,192,0,88
1692855510118,192,HTTP Request-0,301,Moved Permanently,Thread Group 1-7,text,true,,654,119,44,44,http://www.saucedemo.com/,192,0,88
1692855510311,268,HTTP Request-1,200,OK,Thread Group 1-7,text,true,,3293,119,44,44,https://www.saucedemo.com/,268,0,147
1692855510140,450,HTTP Request,200,OK,Thread Group 1-9,text,true,,3947,238,45,45,https://www.saucedemo.com/,172,0,86
1692855510140,172,HTTP Request-0,301,Moved Permanently,Thread Group 1-9,text,true,,654,119,45,45,http://www.saucedemo.com/,172,0,86
1692855510313,277,HTTP Request-1,200,OK,Thread Group 1-9,text,true,,3293,119,45,45,https://www.saucedemo.com/,277,0,147
1692855510109,549,HTTP Request,200,OK,Thread Group 1-6,text,true,,3947,238,53,53,https://www.saucedemo.com/,185,0,84
1692855510109,185,HTTP Request-0,301,Moved Permanently,Thread Group 1-6,text,true,,654,119,53,53,http://www.saucedemo.com/,185,0,84
1692855510297,361,HTTP Request-1,200,OK,Thread Group 1-6,text,true,,3293,119,53,53,https://www.saucedemo.com/,361,0,191
1692855510148,566,HTTP Request,200,OK,Thread Group 1-10,text,true,,3947,238,56,56,https://www.saucedemo.com/,163,0,78
1692855510148,163,HTTP Request-0,301,Moved Permanently,Thread Group 1-10,text,true,,654,119,56,56,http://www.saucedemo.com/,163,0,78
1692855510312,402,HTTP Request-1,200,OK,Thread Group 1-10,text,true,,3293,119,56,56,https://www.saucedemo.com/,402,0,226
1692855510159,567,HTTP Request,200,OK,Thread Group 1-11,text,true,,3947,238,56,56,https://www.saucedemo.com/,160,0,82
1692855510159,161,HTTP Request-0,301,Moved Permanently,Thread Group 1-11,text,true,,654,119,56,56,http://www.saucedemo.com/,160,0,82
1692855510320,406,HTTP Request-1,200,OK,Thread Group 1-11,text,true,,3293,119,56,56,https://www.saucedemo.com/,406,0,243
1692855510128,614,HTTP Request,200,OK,Thread Group 1-8,text,true,,3950,238,59,59,https://www.saucedemo.com/,193,0,98
1692855510128,193,HTTP Request-0,301,Moved Permanently,Thread Group 1-8,text,true,,654,119,59,59,http://www.saucedemo.com/,193,0,98
1692855510321,421,HTTP Request-1,200,OK,Thread Group 1-8,text,true,,3296,119,59,59,https://www.saucedemo.com/,420,0,246
1692855510202,553,HTTP Request,200,OK,Thread Group 1-15,text,true,,3947,238,59,59,https://www.saucedemo.com/,193,0,98
1692855510202,193,HTTP Request-0,301,Moved Permanently,Thread Group 1-15,text,true,,654,119,59,59,http://www.saucedemo.com/,193,0,98
1692855510395,360,HTTP Request-1,200,OK,Thread Group 1-15,text,true,,3293,119,59,59,https://www.saucedemo.com/,360,0,221
1692855510190,581,HTTP Request,200,OK,Thread Group 1-14,text,true,,3947,238,59,59,https://www.saucedemo.com/,206,0,108
1692855510190,207,HTTP Request-0,301,Moved Permanently,Thread Group 1-14,text,true,,654,119,59,59,http://www.saucedemo.com/,206,0,108
1692855510397,374,HTTP Request-1,200,OK,Thread Group 1-14,text,true,,3293,119,59,59,https://www.saucedemo.com/,360,0,226
1692855510246,528,HTTP Request,200,OK,Thread Group 1-18,text,true,,3947,238,58,58,https://www.saucedemo.com/,149,0,75
1692855510246,150,HTTP Request-0,301,Moved Permanently,Thread Group 1-18,text,true,,654,119,58,58,http://www.saucedemo.com/,149,0,75
1692855510396,378,HTTP Request-1,200,OK,Thread Group 1-18,text,true,,3293,119,58,58,https://www.saucedemo.com/,378,0,230
1692855510169,618,HTTP Request,200,OK,Thread Group 1-12,text,true,,3947,238,58,58,https://www.saucedemo.com/,180,0,86
1692855510169,180,HTTP Request-0,301,Moved Permanently,Thread Group 1-12,text,true,,654,119,58,58,http://www.saucedemo.com/,180,0,86
1692855510350,437,HTTP Request-1,200,OK,Thread Group 1-12,text,true,,3293,119,58,58,https://www.saucedemo.com/,436,0,257
1692855510213,611,HTTP Request,200,OK,Thread Group 1-16,text,true,,3947,238,57,57,https://www.saucedemo.com/,160,0,85
1692855510213,160,HTTP Request-0,301,Moved Permanently,Thread Group 1-16,text,true,,654,119,57,57,http://www.saucedemo.com/,160,0,85
1692855510373,451,HTTP Request-1,200,OK,Thread Group 1-16,text,true,,3293,119,57,57,https://www.saucedemo.com/,451,0,265
1692855510222,603,HTTP Request,200,OK,Thread Group 1-17,text,true,,3947,238,56,56,https://www.saucedemo.com/,201,0,97
1692855510222,201,HTTP Request-0,301,Moved Permanently,Thread Group 1-17,text,true,,654,119,56,56,http://www.saucedemo.com/,201,0,97
1692855510425,400,HTTP Request-1,200,OK,Thread Group 1-17,text,true,,3293,119,56,56,https://www.saucedemo.com/,400,0,231
1692855510181,651,HTTP Request,200,OK,Thread Group 1-13,text,true,,3948,238,55,55,https://www.saucedemo.com/,172,0,85
1692855510181,172,HTTP Request-0,301,Moved Permanently,Thread Group 1-13,text,true,,655,119,55,55,http://www.saucedemo.com/,172,0,85
1692855510354,478,HTTP Request-1,200,OK,Thread Group 1-13,text,true,,3293,119,55,55,https://www.saucedemo.com/,462,0,257
1692855510281,557,HTTP Request,200,OK,Thread Group 1-23,text,true,,3948,238,54,54,https://www.saucedemo.com/,155,0,70
1692855510281,155,HTTP Request-0,301,Moved Permanently,Thread Group 1-23,text,true,,655,119,54,54,http://www.saucedemo.com/,155,0,70
1692855510440,398,HTTP Request-1,200,OK,Thread Group 1-23,text,true,,3293,119,54,54,https://www.saucedemo.com/,389,0,246
1692855510249,602,HTTP Request,200,OK,Thread Group 1-19,text,true,,3947,238,53,53,https://www.saucedemo.com/,168,0,80
1692855510249,168,HTTP Request-0,301,Moved Permanently,Thread Group 1-19,text,true,,654,119,53,53,http://www.saucedemo.com/,168,0,80
1692855510418,433,HTTP Request-1,200,OK,Thread Group 1-19,text,true,,3293,119,53,53,https://www.saucedemo.com/,433,0,259
1692855510261,594,HTTP Request,200,OK,Thread Group 1-21,text,true,,3947,238,52,52,https://www.saucedemo.com/,185,0,90
1692855510261,186,HTTP Request-0,301,Moved Permanently,Thread Group 1-21,text,true,,654,119,52,52,http://www.saucedemo.com/,185,0,90
1692855510447,408,HTTP Request-1,200,OK,Thread Group 1-21,text,true,,3293,119,52,52,https://www.saucedemo.com/,408,0,270
1692855510251,656,HTTP Request,200,OK,Thread Group 1-20,text,true,,3947,238,63,63,https://www.saucedemo.com/,186,0,85
1692855510251,186,HTTP Request-0,301,Moved Permanently,Thread Group 1-20,text,true,,654,119,63,63,http://www.saucedemo.com/,186,0,85
1692855510445,462,HTTP Request-1,200,OK,Thread Group 1-20,text,true,,3293,119,63,63,https://www.saucedemo.com/,462,0,300
1692855510268,654,HTTP Request,200,OK,Thread Group 1-22,text,true,,3947,238,64,64,https://www.saucedemo.com/,180,0,85
1692855510268,180,HTTP Request-0,301,Moved Permanently,Thread Group 1-22,text,true,,654,119,64,64,http://www.saucedemo.com/,180,0,85
1692855510449,473,HTTP Request-1,200,OK,Thread Group 1-22,text,true,,3293,119,64,64,https://www.saucedemo.com/,473,0,310
1692855510356,626,HTTP Request,200,OK,Thread Group 1-31,text,true,,3947,238,64,64,https://www.saucedemo.com/,164,0,85
1692855510356,164,HTTP Request-0,301,Moved Permanently,Thread Group 1-31,text,true,,654,119,64,64,http://www.saucedemo.com/,164,0,85
1692855510521,461,HTTP Request-1,200,OK,Thread Group 1-31,text,true,,3293,119,64,64,https://www.saucedemo.com/,461,0,317
1692855510329,704,HTTP Request,200,OK,Thread Group 1-28,text,true,,3947,238,69,69,https://www.saucedemo.com/,210,0,107
1692855510329,210,HTTP Request-0,301,Moved Permanently,Thread Group 1-28,text,true,,654,119,69,69,http://www.saucedemo.com/,210,0,107
1692855510539,494,HTTP Request-1,200,OK,Thread Group 1-28,text,true,,3293,119,69,69,https://www.saucedemo.com/,493,0,324
1692855510375,677,HTTP Request,200,OK,Thread Group 1-33,text,true,,3947,238,68,68,https://www.saucedemo.com/,175,0,86
1692855510375,175,HTTP Request-0,301,Moved Permanently,Thread Group 1-33,text,true,,654,119,68,68,http://www.saucedemo.com/,175,0,86
1692855510551,501,HTTP Request-1,200,OK,Thread Group 1-33,text,true,,3293,119,68,68,https://www.saucedemo.com/,500,0,329
1692855510512,597,HTTP Request,200,OK,Thread Group 1-43,text,true,,3947,238,72,72,https://www.saucedemo.com/,169,0,96
1692855510512,169,HTTP Request-0,301,Moved Permanently,Thread Group 1-43,text,true,,654,119,72,72,http://www.saucedemo.com/,169,0,96
1692855510682,427,HTTP Request-1,200,OK,Thread Group 1-43,text,true,,3293,119,72,72,https://www.saucedemo.com/,427,0,281
1692855510509,632,HTTP Request,200,OK,Thread Group 1-42,text,true,,3947,238,73,73,https://www.saucedemo.com/,208,0,108
1692855510509,208,HTTP Request-0,301,Moved Permanently,Thread Group 1-42,text,true,,654,119,73,73,http://www.saucedemo.com/,208,0,108
1692855510718,423,HTTP Request-1,200,OK,Thread Group 1-42,text,true,,3293,119,73,73,https://www.saucedemo.com/,423,0,292
1692855510461,682,HTTP Request,200,OK,Thread Group 1-36,text,true,,3947,238,72,72,https://www.saucedemo.com/,211,0,106
1692855510461,211,HTTP Request-0,301,Moved Permanently,Thread Group 1-36,text,true,,654,119,72,72,http://www.saucedemo.com/,211,0,106
1692855510673,470,HTTP Request-1,200,OK,Thread Group 1-36,text,true,,3293,119,72,72,https://www.saucedemo.com/,469,0,345
1692855510529,632,HTTP Request,200,OK,Thread Group 1-48,text,true,,3947,238,71,71,https://www.saucedemo.com/,297,0,200
1692855510529,297,HTTP Request-0,301,Moved Permanently,Thread Group 1-48,text,true,,654,119,71,71,http://www.saucedemo.com/,297,0,200
1692855510827,334,HTTP Request-1,200,OK,Thread Group 1-48,text,true,,3293,119,71,71,https://www.saucedemo.com/,334,0,249
1692855510628,535,HTTP Request,200,OK,Thread Group 1-51,text,true,,3947,238,70,70,https://www.saucedemo.com/,195,0,89
1692855510628,195,HTTP Request-0,301,Moved Permanently,Thread Group 1-51,text,true,,654,119,70,70,http://www.saucedemo.com/,195,0,89
1692855510824,339,HTTP Request-1,200,OK,Thread Group 1-51,text,true,,3293,119,70,70,https://www.saucedemo.com/,339,0,252
1692855510585,578,HTTP Request,200,OK,Thread Group 1-50,text,true,,3947,238,70,70,https://www.saucedemo.com/,203,0,101
1692855510585,203,HTTP Request-0,301,Moved Permanently,Thread Group 1-50,text,true,,654,119,70,70,http://www.saucedemo.com/,203,0,101
1692855510788,375,HTTP Request-1,200,OK,Thread Group 1-50,text,true,,3293,119,70,70,https://www.saucedemo.com/,375,0,285
1692855510624,548,HTTP Request,200,OK,Thread Group 1-52,text,true,,3947,238,68,68,https://www.saucedemo.com/,201,0,95
1692855510624,201,HTTP Request-0,301,Moved Permanently,Thread Group 1-52,text,true,,654,119,68,68,http://www.saucedemo.com/,201,0,95
1692855510826,346,HTTP Request-1,200,OK,Thread Group 1-52,text,true,,3293,119,68,68,https://www.saucedemo.com/,346,0,262
1692855510644,533,HTTP Request,200,OK,Thread Group 1-58,text,true,,3950,238,67,67,https://www.saucedemo.com/,182,0,84
1692855510644,182,HTTP Request-0,301,Moved Permanently,Thread Group 1-58,text,true,,654,119,67,67,http://www.saucedemo.com/,182,0,84
1692855510827,350,HTTP Request-1,200,OK,Thread Group 1-58,text,true,,3296,119,67,67,https://www.saucedemo.com/,350,0,263
1692855510627,574,HTTP Request,200,OK,Thread Group 1-53,text,true,,3947,238,66,66,https://www.saucedemo.com/,139,0,69
1692855510627,139,HTTP Request-0,301,Moved Permanently,Thread Group 1-53,text,true,,654,119,66,66,http://www.saucedemo.com/,139,0,69
1692855510766,435,HTTP Request-1,200,OK,Thread Group 1-53,text,true,,3293,119,66,66,https://www.saucedemo.com/,435,0,337
1692855510631,581,HTTP Request,200,OK,Thread Group 1-56,text,true,,3947,238,65,65,https://www.saucedemo.com/,196,0,98
1692855510631,196,HTTP Request-0,301,Moved Permanently,Thread Group 1-56,text,true,,654,119,65,65,http://www.saucedemo.com/,196,0,98
1692855510828,384,HTTP Request-1,200,OK,Thread Group 1-56,text,true,,3293,119,65,65,https://www.saucedemo.com/,384,0,291
1692855510630,592,HTTP Request,200,OK,Thread Group 1-55,text,true,,3947,238,64,64,https://www.saucedemo.com/,192,0,86
1692855510630,199,HTTP Request-0,301,Moved Permanently,Thread Group 1-55,text,true,,654,119,64,64,http://www.saucedemo.com/,192,0,86
1692855510829,393,HTTP Request-1,200,OK,Thread Group 1-55,text,true,,3293,119,64,64,https://www.saucedemo.com/,393,0,304
1692855510706,523,HTTP Request,200,OK,Thread Group 1-63,text,true,,3947,238,63,63,https://www.saucedemo.com/,203,0,119
1692855510706,203,HTTP Request-0,301,Moved Permanently,Thread Group 1-63,text,true,,654,119,63,63,http://www.saucedemo.com/,203,0,119
1692855510913,316,HTTP Request-1,200,OK,Thread Group 1-63,text,true,,3293,119,63,63,https://www.saucedemo.com/,309,0,235
1692855510751,516,HTTP Request,200,OK,Thread Group 1-70,text,true,,3947,238,62,62,https://www.saucedemo.com/,160,0,89
1692855510751,160,HTTP Request-0,301,Moved Permanently,Thread Group 1-70,text,true,,654,119,62,62,http://www.saucedemo.com/,160,0,89
1692855510912,355,HTTP Request-1,200,OK,Thread Group 1-70,text,true,,3293,119,62,62,https://www.saucedemo.com/,355,0,237
1692855510746,551,HTTP Request,200,OK,Thread Group 1-68,text,true,,3947,238,61,61,https://www.saucedemo.com/,218,0,110
1692855510763,536,HTTP Request,200,OK,Thread Group 1-71,text,true,,3947,238,61,61,https://www.saucedemo.com/,204,0,98
1692855510763,204,HTTP Request-0,301,Moved Permanently,Thread Group 1-71,text,true,,654,119,61,61,http://www.saucedemo.com/,204,0,98
1692855510967,332,HTTP Request-1,200,OK,Thread Group 1-71,text,true,,3293,119,61,61,https://www.saucedemo.com/,331,0,231
1692855510746,218,HTTP Request-0,301,Moved Permanently,Thread Group 1-68,text,true,,654,119,61,61,http://www.saucedemo.com/,218,0,110
1692855510964,333,HTTP Request-1,200,OK,Thread Group 1-68,text,true,,3293,119,61,61,https://www.saucedemo.com/,333,0,236
1692855510858,524,HTTP Request,200,OK,Thread Group 1-73,text,true,,3947,238,59,59,https://www.saucedemo.com/,207,0,108
1692855510858,207,HTTP Request-0,301,Moved Permanently,Thread Group 1-73,text,true,,654,119,59,59,http://www.saucedemo.com/,207,0,108
1692855511066,316,HTTP Request-1,200,OK,Thread Group 1-73,text,true,,3293,119,59,59,https://www.saucedemo.com/,315,0,218
1692855510367,1067,HTTP Request,200,OK,Thread Group 1-32,text,true,,3947,238,58,58,https://www.saucedemo.com/,201,0,94
1692855510367,201,HTTP Request-0,301,Moved Permanently,Thread Group 1-32,text,true,,654,119,58,58,http://www.saucedemo.com/,201,0,94
1692855510568,866,HTTP Request-1,200,OK,Thread Group 1-32,text,true,,3293,119,58,58,https://www.saucedemo.com/,866,0,775
1692855510397,1055,HTTP Request,200,OK,Thread Group 1-35,text,true,,3948,238,57,57,https://www.saucedemo.com/,163,0,73
1692855510397,163,HTTP Request-0,301,Moved Permanently,Thread Group 1-35,text,true,,655,119,57,57,http://www.saucedemo.com/,163,0,73
1692855510560,892,HTTP Request-1,200,OK,Thread Group 1-35,text,true,,3293,119,57,57,https://www.saucedemo.com/,892,0,786
1692855510483,986,HTTP Request,200,OK,Thread Group 1-39,text,true,,3948,238,56,56,https://www.saucedemo.com/,715,0,619
1692855510483,715,HTTP Request-0,301,Moved Permanently,Thread Group 1-39,text,true,,655,119,56,56,http://www.saucedemo.com/,715,0,619
1692855511198,271,HTTP Request-1,200,OK,Thread Group 1-39,text,true,,3293,119,56,56,https://www.saucedemo.com/,271,0,175
1692855510387,1083,HTTP Request,200,OK,Thread Group 1-34,text,true,,3947,238,55,55,https://www.saucedemo.com/,158,0,74
1692855510387,158,HTTP Request-0,301,Moved Permanently,Thread Group 1-34,text,true,,654,119,55,55,http://www.saucedemo.com/,158,0,74
1692855510546,924,HTTP Request-1,200,OK,Thread Group 1-34,text,true,,3293,119,55,55,https://www.saucedemo.com/,924,0,813
1692855510991,495,HTTP Request,200,OK,Thread Group 1-91,text,true,,3947,238,54,54,https://www.saucedemo.com/,188,0,86
1692855510991,188,HTTP Request-0,301,Moved Permanently,Thread Group 1-91,text,true,,654,119,54,54,http://www.saucedemo.com/,188,0,86
1692855511179,307,HTTP Request-1,200,OK,Thread Group 1-91,text,true,,3293,119,54,54,https://www.saucedemo.com/,307,0,206
1692855510527,990,HTTP Request,200,OK,Thread Group 1-47,text,true,,3947,238,53,53,https://www.saucedemo.com/,674,0,604
1692855510527,674,HTTP Request-0,301,Moved Permanently,Thread Group 1-47,text,true,,654,119,53,53,http://www.saucedemo.com/,674,0,604
1692855511202,315,HTTP Request-1,200,OK,Thread Group 1-47,text,true,,3293,119,53,53,https://www.saucedemo.com/,315,0,205
1692855510513,1009,HTTP Request,200,OK,Thread Group 1-44,text,true,,3947,238,52,52,https://www.saucedemo.com/,704,0,619
1692855510513,704,HTTP Request-0,301,Moved Permanently,Thread Group 1-44,text,true,,654,119,52,52,http://www.saucedemo.com/,704,0,619
1692855511218,304,HTTP Request-1,200,OK,Thread Group 1-44,text,true,,3293,119,52,52,https://www.saucedemo.com/,304,0,202
1692855511115,490,HTTP Request,200,OK,Thread Group 1-98,text,true,,3947,238,51,51,https://www.saucedemo.com/,187,0,87
1692855511115,187,HTTP Request-0,301,Moved Permanently,Thread Group 1-98,text,true,,654,119,51,51,http://www.saucedemo.com/,187,0,87
1692855511302,303,HTTP Request-1,200,OK,Thread Group 1-98,text,true,,3293,119,51,51,https://www.saucedemo.com/,303,0,193
1692855511123,486,HTTP Request,200,OK,Thread Group 1-99,text,true,,3948,238,50,50,https://www.saucedemo.com/,192,0,93
1692855511123,192,HTTP Request-0,301,Moved Permanently,Thread Group 1-99,text,true,,654,119,50,50,http://www.saucedemo.com/,192,0,93
1692855511316,293,HTTP Request-1,200,OK,Thread Group 1-99,text,true,,3294,119,50,50,https://www.saucedemo.com/,293,0,200
1692855510710,956,HTTP Request,200,OK,Thread Group 1-66,text,true,,3947,238,49,49,https://www.saucedemo.com/,684,0,607
1692855510710,684,HTTP Request-0,301,Moved Permanently,Thread Group 1-66,text,true,,654,119,49,49,http://www.saucedemo.com/,684,0,607
1692855511395,271,HTTP Request-1,200,OK,Thread Group 1-66,text,true,,3293,119,49,49,https://www.saucedemo.com/,271,0,175
1692855510739,932,HTTP Request,200,OK,Thread Group 1-69,text,true,,3947,238,48,48,https://www.saucedemo.com/,671,0,592
1692855510739,671,HTTP Request-0,301,Moved Permanently,Thread Group 1-69,text,true,,654,119,48,48,http://www.saucedemo.com/,671,0,592
1692855511411,260,HTTP Request-1,200,OK,Thread Group 1-69,text,true,,3293,119,48,48,https://www.saucedemo.com/,260,0,168
1692855510732,941,HTTP Request,200,OK,Thread Group 1-65,text,true,,3947,238,47,47,https://www.saucedemo.com/,680,0,600
1692855510732,680,HTTP Request-0,301,Moved Permanently,Thread Group 1-65,text,true,,654,119,47,47,http://www.saucedemo.com/,680,0,600
1692855511412,261,HTTP Request-1,200,OK,Thread Group 1-65,text,true,,3293,119,47,47,https://www.saucedemo.com/,261,0,174
1692855510690,996,HTTP Request,200,OK,Thread Group 1-64,text,true,,3948,238,46,46,https://www.saucedemo.com/,671,0,591
1692855510690,671,HTTP Request-0,301,Moved Permanently,Thread Group 1-64,text,true,,655,119,46,46,http://www.saucedemo.com/,671,0,591
1692855511362,324,HTTP Request-1,200,OK,Thread Group 1-64,text,true,,3293,119,46,46,https://www.saucedemo.com/,324,0,221
1692855510725,964,HTTP Request,200,OK,Thread Group 1-67,text,true,,3949,238,45,45,https://www.saucedemo.com/,708,0,606
1692855510725,708,HTTP Request-0,301,Moved Permanently,Thread Group 1-67,text,true,,655,119,45,45,http://www.saucedemo.com/,708,0,606
1692855511434,255,HTTP Request-1,200,OK,Thread Group 1-67,text,true,,3294,119,45,45,https://www.saucedemo.com/,255,0,173
1692855510694,1008,HTTP Request,200,OK,Thread Group 1-61,text,true,,3947,238,44,44,https://www.saucedemo.com/,679,0,607
1692855510694,679,HTTP Request-0,301,Moved Permanently,Thread Group 1-61,text,true,,654,119,44,44,http://www.saucedemo.com/,679,0,607
1692855511374,328,HTTP Request-1,200,OK,Thread Group 1-61,text,true,,3293,119,44,44,https://www.saucedemo.com/,328,0,215
1692855510730,974,HTTP Request,200,OK,Thread Group 1-62,text,true,,3947,238,43,43,https://www.saucedemo.com/,670,0,601
1692855510730,670,HTTP Request-0,301,Moved Permanently,Thread Group 1-62,text,true,,654,119,43,43,http://www.saucedemo.com/,670,0,601
1692855511401,303,HTTP Request-1,200,OK,Thread Group 1-62,text,true,,3293,119,43,43,https://www.saucedemo.com/,303,0,199
1692855510325,1528,HTTP Request,200,OK,Thread Group 1-27,text,true,,3947,238,42,42,https://www.saucedemo.com/,145,0,72
1692855510325,145,HTTP Request-0,301,Moved Permanently,Thread Group 1-27,text,true,,654,119,42,42,http://www.saucedemo.com/,145,0,72
1692855510471,1382,HTTP Request-1,200,OK,Thread Group 1-27,text,true,,3293,119,42,42,https://www.saucedemo.com/,1382,0,1255
1692855510861,1004,HTTP Request,200,OK,Thread Group 1-78,text,true,,3948,238,41,41,https://www.saucedemo.com/,711,0,622
1692855510861,711,HTTP Request-0,301,Moved Permanently,Thread Group 1-78,text,true,,654,119,41,41,http://www.saucedemo.com/,711,0,622
1692855511573,292,HTTP Request-1,200,OK,Thread Group 1-78,text,true,,3294,119,41,41,https://www.saucedemo.com/,292,0,157
1692855510905,975,HTTP Request,200,OK,Thread Group 1-83,text,true,,3947,238,40,40,https://www.saucedemo.com/,695,0,602
1692855510905,695,HTTP Request-0,301,Moved Permanently,Thread Group 1-83,text,true,,654,119,40,40,http://www.saucedemo.com/,695,0,602
1692855511601,279,HTTP Request-1,200,OK,Thread Group 1-83,text,true,,3293,119,40,40,https://www.saucedemo.com/,279,0,179
1692855510919,979,HTTP Request,200,OK,Thread Group 1-86,text,true,,3950,238,39,39,https://www.saucedemo.com/,660,0,588
1692855510919,661,HTTP Request-0,301,Moved Permanently,Thread Group 1-86,text,true,,654,119,39,39,http://www.saucedemo.com/,660,0,588
1692855511580,318,HTTP Request-1,200,OK,Thread Group 1-86,text,true,,3296,119,39,39,https://www.saucedemo.com/,318,0,229
1692855510337,1576,HTTP Request,200,OK,Thread Group 1-29,text,true,,3947,238,38,38,https://www.saucedemo.com/,163,0,86
1692855510337,163,HTTP Request-0,301,Moved Permanently,Thread Group 1-29,text,true,,654,119,38,38,http://www.saucedemo.com/,163,0,86
1692855510501,1412,HTTP Request-1,200,OK,Thread Group 1-29,text,true,,3293,119,38,38,https://www.saucedemo.com/,1412,0,1309
1692855510783,1145,HTTP Request,200,OK,Thread Group 1-72,text,true,,3947,238,37,37,https://www.saucedemo.com/,259,0,162
1692855510783,259,HTTP Request-0,301,Moved Permanently,Thread Group 1-72,text,true,,654,119,37,37,http://www.saucedemo.com/,259,0,162
1692855511043,885,HTTP Request-1,200,OK,Thread Group 1-72,text,true,,3293,119,37,37,https://www.saucedemo.com/,885,0,796
1692855510861,1082,HTTP Request,200,OK,Thread Group 1-79,text,true,,3947,238,36,36,https://www.saucedemo.com/,713,0,622
1692855510861,713,HTTP Request-0,301,Moved Permanently,Thread Group 1-79,text,true,,654,119,36,36,http://www.saucedemo.com/,713,0,622
1692855511574,369,HTTP Request-1,200,OK,Thread Group 1-79,text,true,,3293,119,36,36,https://www.saucedemo.com/,369,0,252
1692855510497,1536,HTTP Request,200,OK,Thread Group 1-41,text,true,,3947,238,35,35,https://www.saucedemo.com/,1194,0,1115
1692855510981,1067,HTTP Request,200,OK,Thread Group 1-87,text,true,,3947,238,35,35,https://www.saucedemo.com/,168,0,96
1692855510497,1194,HTTP Request-0,301,Moved Permanently,Thread Group 1-41,text,true,,654,119,35,35,http://www.saucedemo.com/,1194,0,1115
1692855510981,168,HTTP Request-0,301,Moved Permanently,Thread Group 1-87,text,true,,654,119,35,35,http://www.saucedemo.com/,168,0,96
1692855511696,337,HTTP Request-1,200,OK,Thread Group 1-41,text,true,,3293,119,35,35,https://www.saucedemo.com/,337,0,192
1692855511151,897,HTTP Request-1,200,OK,Thread Group 1-87,text,true,,3293,119,35,35,https://www.saucedemo.com/,896,0,739
1692855510466,1566,HTTP Request,200,OK,Thread Group 1-37,text,true,,3947,238,35,35,https://www.saucedemo.com/,690,0,603
1692855510466,690,HTTP Request-0,301,Moved Permanently,Thread Group 1-37,text,true,,654,119,35,35,http://www.saucedemo.com/,690,0,603
1692855511157,875,HTTP Request-1,200,OK,Thread Group 1-37,text,true,,3293,119,35,35,https://www.saucedemo.com/,865,0,722
1692855510988,1078,HTTP Request,200,OK,Thread Group 1-89,text,true,,3948,238,32,32,https://www.saucedemo.com/,719,0,612
1692855510988,719,HTTP Request-0,301,Moved Permanently,Thread Group 1-89,text,true,,655,119,32,32,http://www.saucedemo.com/,719,0,612
1692855511707,359,HTTP Request-1,200,OK,Thread Group 1-89,text,true,,3293,119,32,32,https://www.saucedemo.com/,341,0,210
1692855510514,1594,HTTP Request,200,OK,Thread Group 1-45,text,true,,3947,238,31,31,https://www.saucedemo.com/,1216,0,1111
1692855510514,1216,HTTP Request-0,301,Moved Permanently,Thread Group 1-45,text,true,,654,119,31,31,http://www.saucedemo.com/,1216,0,1111
1692855511731,377,HTTP Request-1,200,OK,Thread Group 1-45,text,true,,3293,119,31,31,https://www.saucedemo.com/,377,0,229
1692855510493,1633,HTTP Request,200,OK,Thread Group 1-40,text,true,,3947,238,30,30,https://www.saucedemo.com/,1241,0,1130
1692855510493,1241,HTTP Request-0,301,Moved Permanently,Thread Group 1-40,text,true,,654,119,30,30,http://www.saucedemo.com/,1241,0,1130
1692855511735,391,HTTP Request-1,200,OK,Thread Group 1-40,text,true,,3293,119,30,30,https://www.saucedemo.com/,390,0,240
1692855510990,1148,HTTP Request,200,OK,Thread Group 1-90,text,true,,3947,238,29,29,https://www.saucedemo.com/,715,0,610
1692855510990,715,HTTP Request-0,301,Moved Permanently,Thread Group 1-90,text,true,,654,119,29,29,http://www.saucedemo.com/,715,0,610
1692855511706,432,HTTP Request-1,200,OK,Thread Group 1-90,text,true,,3293,119,29,29,https://www.saucedemo.com/,431,0,257
1692855511096,1044,HTTP Request,200,OK,Thread Group 1-95,text,true,,3947,238,28,28,https://www.saucedemo.com/,667,0,595
1692855511096,667,HTTP Request-0,301,Moved Permanently,Thread Group 1-95,text,true,,654,119,28,28,http://www.saucedemo.com/,667,0,595
1692855511763,377,HTTP Request-1,200,OK,Thread Group 1-95,text,true,,3293,119,28,28,https://www.saucedemo.com/,377,0,229
1692855510524,1617,HTTP Request,200,OK,Thread Group 1-46,text,true,,3947,238,27,27,https://www.saucedemo.com/,1223,0,1121
1692855510524,1223,HTTP Request-0,301,Moved Permanently,Thread Group 1-46,text,true,,654,119,27,27,http://www.saucedemo.com/,1223,0,1121
1692855511748,393,HTTP Request-1,200,OK,Thread Group 1-46,text,true,,3293,119,27,27,https://www.saucedemo.com/,393,0,242
1692855510996,1161,HTTP Request,200,OK,Thread Group 1-93,text,true,,3948,238,26,26,https://www.saucedemo.com/,712,0,625
1692855510996,712,HTTP Request-0,301,Moved Permanently,Thread Group 1-93,text,true,,654,119,26,26,http://www.saucedemo.com/,712,0,625
1692855511708,449,HTTP Request-1,200,OK,Thread Group 1-93,text,true,,3294,119,26,26,https://www.saucedemo.com/,448,0,297
1692855511099,1065,HTTP Request,200,OK,Thread Group 1-97,text,true,,3948,238,25,25,https://www.saucedemo.com/,665,0,592
1692855511099,665,HTTP Request-0,301,Moved Permanently,Thread Group 1-97,text,true,,655,119,25,25,http://www.saucedemo.com/,665,0,592
1692855511765,399,HTTP Request-1,200,OK,Thread Group 1-97,text,true,,3293,119,25,25,https://www.saucedemo.com/,399,0,255
1692855510635,1533,HTTP Request,200,OK,Thread Group 1-49,text,true,,3948,238,24,24,https://www.saucedemo.com/,1203,0,1127
1692855510635,1203,HTTP Request-0,301,Moved Permanently,Thread Group 1-49,text,true,,654,119,24,24,http://www.saucedemo.com/,1203,0,1127
1692855511839,329,HTTP Request-1,200,OK,Thread Group 1-49,text,true,,3294,119,24,24,https://www.saucedemo.com/,329,0,241
1692855511094,1088,HTTP Request,200,OK,Thread Group 1-94,text,true,,3947,238,23,23,https://www.saucedemo.com/,732,0,638
1692855511094,732,HTTP Request-0,301,Moved Permanently,Thread Group 1-94,text,true,,654,119,23,23,http://www.saucedemo.com/,732,0,638
1692855511827,355,HTTP Request-1,200,OK,Thread Group 1-94,text,true,,3293,119,23,23,https://www.saucedemo.com/,355,0,269
1692855511098,1102,HTTP Request,200,OK,Thread Group 1-96,text,true,,3947,238,22,22,https://www.saucedemo.com/,730,0,634
1692855511098,730,HTTP Request-0,301,Moved Permanently,Thread Group 1-96,text,true,,654,119,22,22,http://www.saucedemo.com/,730,0,634
1692855511829,371,HTTP Request-1,200,OK,Thread Group 1-96,text,true,,3293,119,22,22,https://www.saucedemo.com/,371,0,270
1692855510640,1585,HTTP Request,200,OK,Thread Group 1-54,text,true,,3948,238,21,21,https://www.saucedemo.com/,1242,0,1143
1692855510640,1242,HTTP Request-0,301,Moved Permanently,Thread Group 1-54,text,true,,655,119,21,21,http://www.saucedemo.com/,1242,0,1143
1692855511882,343,HTTP Request-1,200,OK,Thread Group 1-54,text,true,,3293,119,21,21,https://www.saucedemo.com/,343,0,274
1692855510317,2105,HTTP Request,200,OK,Thread Group 1-25,text,true,,3947,238,20,20,https://www.saucedemo.com/,201,0,105
1692855510317,201,HTTP Request-0,301,Moved Permanently,Thread Group 1-25,text,true,,654,119,20,20,http://www.saucedemo.com/,201,0,105
1692855510520,1902,HTTP Request-1,200,OK,Thread Group 1-25,text,true,,3293,119,20,20,https://www.saucedemo.com/,1902,0,1800
1692855510986,1436,HTTP Request,200,OK,Thread Group 1-88,text,true,,3948,238,20,20,https://www.saucedemo.com/,661,0,589
1692855510986,661,HTTP Request-0,301,Moved Permanently,Thread Group 1-88,text,true,,655,119,20,20,http://www.saucedemo.com/,661,0,589
1692855511648,774,HTTP Request-1,200,OK,Thread Group 1-88,text,true,,3293,119,20,20,https://www.saucedemo.com/,774,0,689
1692855510857,1566,HTTP Request,200,OK,Thread Group 1-75,text,true,,3947,238,20,20,https://www.saucedemo.com/,219,0,108
1692855510857,219,HTTP Request-0,301,Moved Permanently,Thread Group 1-75,text,true,,654,119,20,20,http://www.saucedemo.com/,219,0,108
1692855511077,1346,HTTP Request-1,200,OK,Thread Group 1-75,text,true,,3293,119,20,20,https://www.saucedemo.com/,1346,0,1259
1692855510903,1533,HTTP Request,200,OK,Thread Group 1-82,text,true,,3947,238,17,17,https://www.saucedemo.com/,157,0,80
1692855510903,157,HTTP Request-0,301,Moved Permanently,Thread Group 1-82,text,true,,654,119,17,17,http://www.saucedemo.com/,157,0,80
1692855511061,1375,HTTP Request-1,200,OK,Thread Group 1-82,text,true,,3293,119,17,17,https://www.saucedemo.com/,1375,0,1291
1692855510901,1537,HTTP Request,200,OK,Thread Group 1-80,text,true,,3947,238,16,16,https://www.saucedemo.com/,185,0,98
1692855510901,186,HTTP Request-0,301,Moved Permanently,Thread Group 1-80,text,true,,654,119,16,16,http://www.saucedemo.com/,185,0,98
1692855511087,1351,HTTP Request-1,200,OK,Thread Group 1-80,text,true,,3293,119,16,16,https://www.saucedemo.com/,1351,0,1263
1692855510873,1575,HTTP Request,200,OK,Thread Group 1-81,text,true,,3947,238,15,15,https://www.saucedemo.com/,216,0,126
1692855510873,216,HTTP Request-0,301,Moved Permanently,Thread Group 1-81,text,true,,654,119,15,15,http://www.saucedemo.com/,216,0,126
1692855511089,1359,HTTP Request-1,200,OK,Thread Group 1-81,text,true,,3293,119,15,15,https://www.saucedemo.com/,1359,0,1274
1692855510913,1550,HTTP Request,200,OK,Thread Group 1-84,text,true,,3947,238,14,14,https://www.saucedemo.com/,164,0,83
1692855510913,164,HTTP Request-0,301,Moved Permanently,Thread Group 1-84,text,true,,654,119,14,14,http://www.saucedemo.com/,164,0,83
1692855511078,1385,HTTP Request-1,200,OK,Thread Group 1-84,text,true,,3293,119,14,14,https://www.saucedemo.com/,1385,0,1293
1692855510860,1605,HTTP Request,200,OK,Thread Group 1-76,text,true,,3947,238,13,13,https://www.saucedemo.com/,208,0,106
1692855510860,208,HTTP Request-0,301,Moved Permanently,Thread Group 1-76,text,true,,654,119,13,13,http://www.saucedemo.com/,208,0,106
1692855511069,1396,HTTP Request-1,200,OK,Thread Group 1-76,text,true,,3293,119,13,13,https://www.saucedemo.com/,1396,0,1306
1692855510857,1616,HTTP Request,200,OK,Thread Group 1-74,text,true,,3947,238,12,12,https://www.saucedemo.com/,193,0,88
1692855510857,193,HTTP Request-0,301,Moved Permanently,Thread Group 1-74,text,true,,654,119,12,12,http://www.saucedemo.com/,193,0,88
1692855511050,1423,HTTP Request-1,200,OK,Thread Group 1-74,text,true,,3293,119,12,12,https://www.saucedemo.com/,1423,0,1317
1692855510314,2165,HTTP Request,200,OK,Thread Group 1-24,text,true,,3947,238,11,11,https://www.saucedemo.com/,203,0,105
1692855510314,203,HTTP Request-0,301,Moved Permanently,Thread Group 1-24,text,true,,654,119,11,11,http://www.saucedemo.com/,203,0,105
1692855510517,1962,HTTP Request-1,200,OK,Thread Group 1-24,text,true,,3293,119,11,11,https://www.saucedemo.com/,1962,0,1864
1692855510860,1623,HTTP Request,200,OK,Thread Group 1-77,text,true,,3947,238,10,10,https://www.saucedemo.com/,216,0,106
1692855510860,216,HTTP Request-0,301,Moved Permanently,Thread Group 1-77,text,true,,654,119,10,10,http://www.saucedemo.com/,216,0,106
1692855511078,1405,HTTP Request-1,200,OK,Thread Group 1-77,text,true,,3293,119,10,10,https://www.saucedemo.com/,1401,0,1306
1692855510915,1583,HTTP Request,200,OK,Thread Group 1-85,text,true,,3947,238,9,9,https://www.saucedemo.com/,188,0,97
1692855510915,188,HTTP Request-0,301,Moved Permanently,Thread Group 1-85,text,true,,654,119,9,9,http://www.saucedemo.com/,188,0,97
1692855511103,1395,HTTP Request-1,200,OK,Thread Group 1-85,text,true,,3293,119,9,9,https://www.saucedemo.com/,1395,0,1299
1692855510993,1511,HTTP Request,200,OK,Thread Group 1-92,text,true,,3948,238,8,8,https://www.saucedemo.com/,653,0,582
1692855510993,653,HTTP Request-0,301,Moved Permanently,Thread Group 1-92,text,true,,654,119,8,8,http://www.saucedemo.com/,653,0,582
1692855511646,858,HTTP Request-1,200,OK,Thread Group 1-92,text,true,,3294,119,8,8,https://www.saucedemo.com/,853,0,754
1692855510347,2159,HTTP Request,200,OK,Thread Group 1-30,text,true,,3948,238,7,7,https://www.saucedemo.com/,169,0,85
1692855510347,169,HTTP Request-0,301,Moved Permanently,Thread Group 1-30,text,true,,654,119,7,7,http://www.saucedemo.com/,169,0,85
1692855510516,1990,HTTP Request-1,200,OK,Thread Group 1-30,text,true,,3294,119,7,7,https://www.saucedemo.com/,1989,0,1893
1692855510481,2037,HTTP Request,200,OK,Thread Group 1-38,text,true,,3947,238,6,6,https://www.saucedemo.com/,1252,0,1132
1692855510481,1252,HTTP Request-0,301,Moved Permanently,Thread Group 1-38,text,true,,654,119,6,6,http://www.saucedemo.com/,1252,0,1132
1692855511733,785,HTTP Request-1,200,OK,Thread Group 1-38,text,true,,3293,119,6,6,https://www.saucedemo.com/,785,0,709
1692855510323,2192,HTTP Request,200,OK,Thread Group 1-26,text,true,,3947,238,6,6,https://www.saucedemo.com/,210,0,106
1692855510323,210,HTTP Request-0,301,Moved Permanently,Thread Group 1-26,text,true,,654,119,6,6,http://www.saucedemo.com/,210,0,106
1692855510533,1982,HTTP Request-1,200,OK,Thread Group 1-26,text,true,,3293,119,6,6,https://www.saucedemo.com/,1982,0,1879
1692855510649,1978,HTTP Request,200,OK,Thread Group 1-60,text,true,,3947,238,4,4,https://www.saucedemo.com/,1744,0,1654
1692855510649,1744,HTTP Request-0,301,Moved Permanently,Thread Group 1-60,text,true,,654,119,4,4,http://www.saucedemo.com/,1744,0,1654
1692855512393,234,HTTP Request-1,200,OK,Thread Group 1-60,text,true,,3293,119,4,4,https://www.saucedemo.com/,234,0,162
1692855511127,1504,HTTP Request,200,OK,Thread Group 1-100,text,true,,3947,238,3,3,https://www.saucedemo.com/,1220,0,1131
1692855511127,1220,HTTP Request-0,301,Moved Permanently,Thread Group 1-100,text,true,,654,119,3,3,http://www.saucedemo.com/,1220,0,1131
1692855512348,283,HTTP Request-1,200,OK,Thread Group 1-100,text,true,,3293,119,3,3,https://www.saucedemo.com/,283,0,197
1692855510639,2013,HTTP Request,200,OK,Thread Group 1-57,text,true,,3948,238,2,2,https://www.saucedemo.com/,1737,0,1649
1692855510639,1737,HTTP Request-0,301,Moved Permanently,Thread Group 1-57,text,true,,655,119,2,2,http://www.saucedemo.com/,1737,0,1649
1692855512377,275,HTTP Request-1,200,OK,Thread Group 1-57,text,true,,3293,119,2,2,https://www.saucedemo.com/,275,0,184
1692855510647,2030,HTTP Request,200,OK,Thread Group 1-59,text,true,,3947,238,1,1,https://www.saucedemo.com/,1731,0,1641
1692855510647,1731,HTTP Request-0,301,Moved Permanently,Thread Group 1-59,text,true,,654,119,1,1,http://www.saucedemo.com/,1731,0,1641
1692855512378,299,HTTP Request-1,200,OK,Thread Group 1-59,text,true,,3293,119,1,1,https://www.saucedemo.com/,299,0,200
